Workbook
Name ContributionList: Lists!$B$9:$H$9
Name EnergyList: Lists!$B$5:$G$5
Name ModuleList: Lists!$B$7:$H$7
Name YesNoMark: Lists!$B$1:$C$1
Name YesNoText: Lists!$B$3:$C$3

Sheet Daily Tracker
A1: Date | B1: Bootcamp Day? | C1: Bootcamp Module | D1: Today's Contribution | E1: Cognitive Energy (1-5, optional) | F1: Core Task (1) | G1: Non-negotiable #1 | H1: Done? | I1: Non-negotiable #2 | J1: Done? | K1: Non-negotiable #3 | L1: Done? | M1: Sleep ≥7h | N1: No Snooze | O1: Water | P1: Gratitude | Q1: Meditation 10m | R1: Exercise ≥30m | S1: Plan Day | T1: Deep Work ≥60m | U1: One-Tab Rule | V1: Evening Writing 10m | W1: Reading 10m | X1: Tidy 10m | Y1: System Stronger? | Z1: Logged? | AA1: Habits Completed | AB1: Habit Completion % | AC1: Non-neg Done | AD1: Total Done | AE1: Status | AF1: Stable Streak | AG1: Grey Streak | AH1: Alert | AI1: Stability Score (0-100) | AJ1: Incomplete Habits | AK1: Notes | AL1: Incomplete Non-negotiables | AM1: Incomplete Summary
A4: 46064 | B4: Yes | Z4: =IF(COUNTA(C4:Y4)>0,"Yes","No") -> No | AA4: =IF(Z4="No","",COUNTIF(M4:X4,"✅")) | AB4: =IF(AA4="","",AA4/Settings!$B$7) | AC4: =IF(Z4="No","",COUNTIF(H4,"✅")+COUNTIF(J4,"✅")+COUNTIF(L4,"✅")) | AD4: =IF(AA4="","",AA4+AC4) | AE4: =IF(Z4="No","",IF(AND(AA4>=Settings!$B$4, Y4="Yes"),"Green",IF(AA4>=Settings!$B$5,"Yellow","Grey"))) | AF4: =IF(AE4="Green",AF3+1,0) -> 0 | AG4: =IF(AE4="Grey",AG3+1,0) -> 0 | AH4: =IF(AG4>=2,"ALERT","") | AI4: =IF(Z4="No","",MIN(100,ROUND((AA4/Settings!$B$7)*Settings!$B$10 + IF(Y4="Yes",Settings!$B$11,0) + IF(E4="",0,E4*Settings!$B$12),0))) | AJ4: =IF(Z4="No","",IF(M4="❌","Sleep; ","")&IF(N4="❌","No Snooze; ","")&IF(O4="❌","Water; ","")&IF(P4="❌","Gratitude; ","")&IF(Q4="❌","Meditation; ","")&IF(R4="❌","Exercise; ","")&IF(S4="❌","Plan Day; ","")&IF(T4="❌","Deep Work; ","")&IF(U4="❌","One-Tab; ","")&IF(V4="❌","Writing; ","")&IF(W4="❌","Reading; ","")&IF(X4="❌","Tidy; ","")) | AL4: =IF(Z4="No","",IF(AND(G4<>"",H4<>"✅"),G4&"; ","")&IF(AND(I4<>"",J4<>"✅"),I4&"; ","")&IF(AND(K4<>"",L4<>"✅"),K4&"; ","")) | AM4: =IF(Z4="No","",AJ4&AL4)
A5: 46065 | B5: Yes | Z5: =IF(COUNTA(C5:Y5)>0,"Yes","No") -> No | AA5: =IF(Z5="No","",COUNTIF(M5:X5,"✅")) | AB5: =IF(AA5="","",AA5/Settings!$B$7) | AC5: =IF(Z5="No","",COUNTIF(H5,"✅")+COUNTIF(J5,"✅")+COUNTIF(L5,"✅")) | AD5: =IF(AA5="","",AA5+AC5) | AE5: =IF(Z5="No","",IF(AND(AA5>=Settings!$B$4, Y5="Yes"),"Green",IF(AA5>=Settings!$B$5,"Yellow","Grey"))) | AF5: =IF(AE5="Green",AF4+1,0) -> 0 | AG5: =IF(AE5="Grey",AG4+1,0) -> 0 | AH5: =IF(AG5>=2,"ALERT","") | AI5: =IF(Z5="No","",MIN(100,ROUND((AA5/Settings!$B$7)*Settings!$B$10 + IF(Y5="Yes",Settings!$B$11,0) + IF(E5="",0,E5*Settings!$B$12),0))) | AJ5: =IF(Z5="No","",IF(M5="❌","Sleep; ","")&IF(N5="❌","No Snooze; ","")&IF(O5="❌","Water; ","")&IF(P5="❌","Gratitude; ","")&IF(Q5="❌","Meditation; ","")&IF(R5="❌","Exercise; ","")&IF(S5="❌","Plan Day; ","")&IF(T5="❌","Deep Work; ","")&IF(U5="❌","One-Tab; ","")&IF(V5="❌","Writing; ","")&IF(W5="❌","Reading; ","")&IF(X5="❌","Tidy; ","")) | AL5: =IF(Z5="No","",IF(AND(G5<>"",H5<>"✅"),G5&"; ","")&IF(AND(I5<>"",J5<>"✅"),I5&"; ","")&IF(AND(K5<>"",L5<>"✅"),K5&"; ","")) | AM5: =IF(Z5="No","",AJ5&AL5)
A6: 46066 | B6: Yes | Z6: =IF(COUNTA(C6:Y6)>0,"Yes","No") -> No | AA6: =IF(Z6="No","",COUNTIF(M6:X6,"✅")) | AB6: =IF(AA6="","",AA6/Settings!$B$7) | AC6: =IF(Z6="No","",COUNTIF(H6,"✅")+COUNTIF(J6,"✅")+COUNTIF(L6,"✅")) | AD6: =IF(AA6="","",AA6+AC6) | AE6: =IF(Z6="No","",IF(AND(AA6>=Settings!$B$4, Y6="Yes"),"Green",IF(AA6>=Settings!$B$5,"Yellow","Grey"))) | AF6: =IF(AE6="Green",AF5+1,0) -> 0 | AG6: =IF(AE6="Grey",AG5+1,0) -> 0 | AH6: =IF(AG6>=2,"ALERT","") | AI6: =IF(Z6="No","",MIN(100,ROUND((AA6/Settings!$B$7)*Settings!$B$10 + IF(Y6="Yes",Settings!$B$11,0) + IF(E6="",0,E6*Settings!$B$12),0))) | AJ6: =IF(Z6="No","",IF(M6="❌","Sleep; ","")&IF(N6="❌","No Snooze; ","")&IF(O6="❌","Water; ","")&IF(P6="❌","Gratitude; ","")&IF(Q6="❌","Meditation; ","")&IF(R6="❌","Exercise; ","")&IF(S6="❌","Plan Day; ","")&IF(T6="❌","Deep Work; ","")&IF(U6="❌","One-Tab; ","")&IF(V6="❌","Writing; ","")&IF(W6="❌","Reading; ","")&IF(X6="❌","Tidy; ","")) | AL6: =IF(Z6="No","",IF(AND(G6<>"",H6<>"✅"),G6&"; ","")&IF(AND(I6<>"",J6<>"✅"),I6&"; ","")&IF(AND(K6<>"",L6<>"✅"),K6&"; ","")) | AM6: =IF(Z6="No","",AJ6&AL6)
A7: 46067 | B7: No | Z7: =IF(COUNTA(C7:Y7)>0,"Yes","No") -> No | AA7: =IF(Z7="No","",COUNTIF(M7:X7,"✅")) | AB7: =IF(AA7="","",AA7/Settings!$B$7) | AC7: =IF(Z7="No","",COUNTIF(H7,"✅")+COUNTIF(J7,"✅")+COUNTIF(L7,"✅")) | AD7: =IF(AA7="","",AA7+AC7) | AE7: =IF(Z7="No","",IF(AND(AA7>=Settings!$B$4, Y7="Yes"),"Green",IF(AA7>=Settings!$B$5,"Yellow","Grey"))) | AF7: =IF(AE7="Green",AF6+1,0) -> 0 | AG7: =IF(AE7="Grey",AG6+1,0) -> 0 | AH7: =IF(AG7>=2,"ALERT","") | AI7: =IF(Z7="No","",MIN(100,ROUND((AA7/Settings!$B$7)*Settings!$B$10 + IF(Y7="Yes",Settings!$B$11,0) + IF(E7="",0,E7*Settings!$B$12),0))) | AJ7: =IF(Z7="No","",IF(M7="❌","Sleep; ","")&IF(N7="❌","No Snooze; ","")&IF(O7="❌","Water; ","")&IF(P7="❌","Gratitude; ","")&IF(Q7="❌","Meditation; ","")&IF(R7="❌","Exercise; ","")&IF(S7="❌","Plan Day; ","")&IF(T7="❌","Deep Work; ","")&IF(U7="❌","One-Tab; ","")&IF(V7="❌","Writing; ","")&IF(W7="❌","Reading; ","")&IF(X7="❌","Tidy; ","")) | AL7: =IF(Z7="No","",IF(AND(G7<>"",H7<>"✅"),G7&"; ","")&IF(AND(I7<>"",J7<>"✅"),I7&"; ","")&IF(AND(K7<>"",L7<>"✅"),K7&"; ","")) | AM7: =IF(Z7="No","",AJ7&AL7)
A8: 46068 | B8: No | Z8: =IF(COUNTA(C8:Y8)>0,"Yes","No") -> No | AA8: =IF(Z8="No","",COUNTIF(M8:X8,"✅")) | AB8: =IF(AA8="","",AA8/Settings!$B$7) | AC8: =IF(Z8="No","",COUNTIF(H8,"✅")+COUNTIF(J8,"✅")+COUNTIF(L8,"✅")) | AD8: =IF(AA8="","",AA8+AC8) | AE8: =IF(Z8="No","",IF(AND(AA8>=Settings!$B$4, Y8="Yes"),"Green",IF(AA8>=Settings!$B$5,"Yellow","Grey"))) | AF8: =IF(AE8="Green",AF7+1,0) -> 0 | AG8: =IF(AE8="Grey",AG7+1,0) -> 0 | AH8: =IF(AG8>=2,"ALERT","") | AI8: =IF(Z8="No","",MIN(100,ROUND((AA8/Settings!$B$7)*Settings!$B$10 + IF(Y8="Yes",Settings!$B$11,0) + IF(E8="",0,E8*Settings!$B$12),0))) | AJ8: =IF(Z8="No","",IF(M8="❌","Sleep; ","")&IF(N8="❌","No Snooze; ","")&IF(O8="❌","Water; ","")&IF(P8="❌","Gratitude; ","")&IF(Q8="❌","Meditation; ","")&IF(R8="❌","Exercise; ","")&IF(S8="❌","Plan Day; ","")&IF(T8="❌","Deep Work; ","")&IF(U8="❌","One-Tab; ","")&IF(V8="❌","Writing; ","")&IF(W8="❌","Reading; ","")&IF(X8="❌","Tidy; ","")) | AL8: =IF(Z8="No","",IF(AND(G8<>"",H8<>"✅"),G8&"; ","")&IF(AND(I8<>"",J8<>"✅"),I8&"; ","")&IF(AND(K8<>"",L8<>"✅"),K8&"; ","")) | AM8: =IF(Z8="No","",AJ8&AL8)
A9: 46069 | B9: Yes | Z9: =IF(COUNTA(C9:Y9)>0,"Yes","No") -> No | AA9: =IF(Z9="No","",COUNTIF(M9:X9,"✅")) | AB9: =IF(AA9="","",AA9/Settings!$B$7) | AC9: =IF(Z9="No","",COUNTIF(H9,"✅")+COUNTIF(J9,"✅")+COUNTIF(L9,"✅")) | AD9: =IF(AA9="","",AA9+AC9) | AE9: =IF(Z9="No","",IF(AND(AA9>=Settings!$B$4, Y9="Yes"),"Green",IF(AA9>=Settings!$B$5,"Yellow","Grey"))) | AF9: =IF(AE9="Green",AF8+1,0) -> 0 | AG9: =IF(AE9="Grey",AG8+1,0) -> 0 | AH9: =IF(AG9>=2,"ALERT","") | AI9: =IF(Z9="No","",MIN(100,ROUND((AA9/Settings!$B$7)*Settings!$B$10 + IF(Y9="Yes",Settings!$B$11,0) + IF(E9="",0,E9*Settings!$B$12),0))) | AJ9: =IF(Z9="No","",IF(M9="❌","Sleep; ","")&IF(N9="❌","No Snooze; ","")&IF(O9="❌","Water; ","")&IF(P9="❌","Gratitude; ","")&IF(Q9="❌","Meditation; ","")&IF(R9="❌","Exercise; ","")&IF(S9="❌","Plan Day; ","")&IF(T9="❌","Deep Work; ","")&IF(U9="❌","One-Tab; ","")&IF(V9="❌","Writing; ","")&IF(W9="❌","Reading; ","")&IF(X9="❌","Tidy; ","")) | AL9: =IF(Z9="No","",IF(AND(G9<>"",H9<>"✅"),G9&"; ","")&IF(AND(I9<>"",J9<>"✅"),I9&"; ","")&IF(AND(K9<>"",L9<>"✅"),K9&"; ","")) | AM9: =IF(Z9="No","",AJ9&AL9)
A10: 46070 | B10: Yes | Z10: =IF(COUNTA(C10:Y10)>0,"Yes","No") -> No | AA10: =IF(Z10="No","",COUNTIF(M10:X10,"✅")) | AB10: =IF(AA10="","",AA10/Settings!$B$7) | AC10: =IF(Z10="No","",COUNTIF(H10,"✅")+COUNTIF(J10,"✅")+COUNTIF(L10,"✅")) | AD10: =IF(AA10="","",AA10+AC10) | AE10: =IF(Z10="No","",IF(AND(AA10>=Settings!$B$4, Y10="Yes"),"Green",IF(AA10>=Settings!$B$5,"Yellow","Grey"))) | AF10: =IF(AE10="Green",AF9+1,0) -> 0 | AG10: =IF(AE10="Grey",AG9+1,0) -> 0 | AH10: =IF(AG10>=2,"ALERT","") | AI10: =IF(Z10="No","",MIN(100,ROUND((AA10/Settings!$B$7)*Settings!$B$10 + IF(Y10="Yes",Settings!$B$11,0) + IF(E10="",0,E10*Settings!$B$12),0))) | AJ10: =IF(Z10="No","",IF(M10="❌","Sleep; ","")&IF(N10="❌","No Snooze; ","")&IF(O10="❌","Water; ","")&IF(P10="❌","Gratitude; ","")&IF(Q10="❌","Meditation; ","")&IF(R10="❌","Exercise; ","")&IF(S10="❌","Plan Day; ","")&IF(T10="❌","Deep Work; ","")&IF(U10="❌","One-Tab; ","")&IF(V10="❌","Writing; ","")&IF(W10="❌","Reading; ","")&IF(X10="❌","Tidy; ","")) | AL10: =IF(Z10="No","",IF(AND(G10<>"",H10<>"✅"),G10&"; ","")&IF(AND(I10<>"",J10<>"✅"),I10&"; ","")&IF(AND(K10<>"",L10<>"✅"),K10&"; ","")) | AM10: =IF(Z10="No","",AJ10&AL10)
A11: 46071 | B11: Yes | Z11: =IF(COUNTA(C11:Y11)>0,"Yes","No") -> No | AA11: =IF(Z11="No","",COUNTIF(M11:X11,"✅")) | AB11: =IF(AA11="","",AA11/Settings!$B$7) | AC11: =IF(Z11="No","",COUNTIF(H11,"✅")+COUNTIF(J11,"✅")+COUNTIF(L11,"✅")) | AD11: =IF(AA11="","",AA11+AC11) | AE11: =IF(Z11="No","",IF(AND(AA11>=Settings!$B$4, Y11="Yes"),"Green",IF(AA11>=Settings!$B$5,"Yellow","Grey"))) | AF11: =IF(AE11="Green",AF10+1,0) -> 0 | AG11: =IF(AE11="Grey",AG10+1,0) -> 0 | AH11: =IF(AG11>=2,"ALERT","") | AI11: =IF(Z11="No","",MIN(100,ROUND((AA11/Settings!$B$7)*Settings!$B$10 + IF(Y11="Yes",Settings!$B$11,0) + IF(E11="",0,E11*Settings!$B$12),0))) | AJ11: =IF(Z11="No","",IF(M11="❌","Sleep; ","")&IF(N11="❌","No Snooze; ","")&IF(O11="❌","Water; ","")&IF(P11="❌","Gratitude; ","")&IF(Q11="❌","Meditation; ","")&IF(R11="❌","Exercise; ","")&IF(S11="❌","Plan Day; ","")&IF(T11="❌","Deep Work; ","")&IF(U11="❌","One-Tab; ","")&IF(V11="❌","Writing; ","")&IF(W11="❌","Reading; ","")&IF(X11="❌","Tidy; ","")) | AL11: =IF(Z11="No","",IF(AND(G11<>"",H11<>"✅"),G11&"; ","")&IF(AND(I11<>"",J11<>"✅"),I11&"; ","")&IF(AND(K11<>"",L11<>"✅"),K11&"; ","")) | AM11: =IF(Z11="No","",AJ11&AL11)
A12: 46072 | B12: Yes | Z12: =IF(COUNTA(C12:Y12)>0,"Yes","No") -> No | AA12: =IF(Z12="No","",COUNTIF(M12:X12,"✅")) | AB12: =IF(AA12="","",AA12/Settings!$B$7) | AC12: =IF(Z12="No","",COUNTIF(H12,"✅")+COUNTIF(J12,"✅")+COUNTIF(L12,"✅")) | AD12: =IF(AA12="","",AA12+AC12) | AE12: =IF(Z12="No","",IF(AND(AA12>=Settings!$B$4, Y12="Yes"),"Green",IF(AA12>=Settings!$B$5,"Yellow","Grey"))) | AF12: =IF(AE12="Green",AF11+1,0) -> 0 | AG12: =IF(AE12="Grey",AG11+1,0) -> 0 | AH12: =IF(AG12>=2,"ALERT","") | AI12: =IF(Z12="No","",MIN(100,ROUND((AA12/Settings!$B$7)*Settings!$B$10 + IF(Y12="Yes",Settings!$B$11,0) + IF(E12="",0,E12*Settings!$B$12),0))) | AJ12: =IF(Z12="No","",IF(M12="❌","Sleep; ","")&IF(N12="❌","No Snooze; ","")&IF(O12="❌","Water; ","")&IF(P12="❌","Gratitude; ","")&IF(Q12="❌","Meditation; ","")&IF(R12="❌","Exercise; ","")&IF(S12="❌","Plan Day; ","")&IF(T12="❌","Deep Work; ","")&IF(U12="❌","One-Tab; ","")&IF(V12="❌","Writing; ","")&IF(W12="❌","Reading; ","")&IF(X12="❌","Tidy; ","")) | AL12: =IF(Z12="No","",IF(AND(G12<>"",H12<>"✅"),G12&"; ","")&IF(AND(I12<>"",J12<>"✅"),I12&"; ","")&IF(AND(K12<>"",L12<>"✅"),K12&"; ","")) | AM12: =IF(Z12="No","",AJ12&AL12)
A13: 46073 | B13: Yes | Z13: =IF(COUNTA(C13:Y13)>0,"Yes","No") -> No | AA13: =IF(Z13="No","",COUNTIF(M13:X13,"✅")) | AB13: =IF(AA13="","",AA13/Settings!$B$7) | AC13: =IF(Z13="No","",COUNTIF(H13,"✅")+COUNTIF(J13,"✅")+COUNTIF(L13,"✅")) | AD13: =IF(AA13="","",AA13+AC13) | AE13: =IF(Z13="No","",IF(AND(AA13>=Settings!$B$4, Y13="Yes"),"Green",IF(AA13>=Settings!$B$5,"Yellow","Grey"))) | AF13: =IF(AE13="Green",AF12+1,0) -> 0 | AG13: =IF(AE13="Grey",AG12+1,0) -> 0 | AH13: =IF(AG13>=2,"ALERT","") | AI13: =IF(Z13="No","",MIN(100,ROUND((AA13/Settings!$B$7)*Settings!$B$10 + IF(Y13="Yes",Settings!$B$11,0) + IF(E13="",0,E13*Settings!$B$12),0))) | AJ13: =IF(Z13="No","",IF(M13="❌","Sleep; ","")&IF(N13="❌","No Snooze; ","")&IF(O13="❌","Water; ","")&IF(P13="❌","Gratitude; ","")&IF(Q13="❌","Meditation; ","")&IF(R13="❌","Exercise; ","")&IF(S13="❌","Plan Day; ","")&IF(T13="❌","Deep Work; ","")&IF(U13="❌","One-Tab; ","")&IF(V13="❌","Writing; ","")&IF(W13="❌","Reading; ","")&IF(X13="❌","Tidy; ","")) | AL13: =IF(Z13="No","",IF(AND(G13<>"",H13<>"✅"),G13&"; ","")&IF(AND(I13<>"",J13<>"✅"),I13&"; ","")&IF(AND(K13<>"",L13<>"✅"),K13&"; ","")) | AM13: =IF(Z13="No","",AJ13&AL13)
A14: 46074 | B14: No | Z14: =IF(COUNTA(C14:Y14)>0,"Yes","No") -> No | AA14: =IF(Z14="No","",COUNTIF(M14:X14,"✅")) | AB14: =IF(AA14="","",AA14/Settings!$B$7) | AC14: =IF(Z14="No","",COUNTIF(H14,"✅")+COUNTIF(J14,"✅")+COUNTIF(L14,"✅")) | AD14: =IF(AA14="","",AA14+AC14) | AE14: =IF(Z14="No","",IF(AND(AA14>=Settings!$B$4, Y14="Yes"),"Green",IF(AA14>=Settings!$B$5,"Yellow","Grey"))) | AF14: =IF(AE14="Green",AF13+1,0) -> 0 | AG14: =IF(AE14="Grey",AG13+1,0) -> 0 | AH14: =IF(AG14>=2,"ALERT","") | AI14: =IF(Z14="No","",MIN(100,ROUND((AA14/Settings!$B$7)*Settings!$B$10 + IF(Y14="Yes",Settings!$B$11,0) + IF(E14="",0,E14*Settings!$B$12),0))) | AJ14: =IF(Z14="No","",IF(M14="❌","Sleep; ","")&IF(N14="❌","No Snooze; ","")&IF(O14="❌","Water; ","")&IF(P14="❌","Gratitude; ","")&IF(Q14="❌","Meditation; ","")&IF(R14="❌","Exercise; ","")&IF(S14="❌","Plan Day; ","")&IF(T14="❌","Deep Work; ","")&IF(U14="❌","One-Tab; ","")&IF(V14="❌","Writing; ","")&IF(W14="❌","Reading; ","")&IF(X14="❌","Tidy; ","")) | AL14: =IF(Z14="No","",IF(AND(G14<>"",H14<>"✅"),G14&"; ","")&IF(AND(I14<>"",J14<>"✅"),I14&"; ","")&IF(AND(K14<>"",L14<>"✅"),K14&"; ","")) | AM14: =IF(Z14="No","",AJ14&AL14)
A15: 46075 | B15: No | Z15: =IF(COUNTA(C15:Y15)>0,"Yes","No") -> No | AA15: =IF(Z15="No","",COUNTIF(M15:X15,"✅")) | AB15: =IF(AA15="","",AA15/Settings!$B$7) | AC15: =IF(Z15="No","",COUNTIF(H15,"✅")+COUNTIF(J15,"✅")+COUNTIF(L15,"✅")) | AD15: =IF(AA15="","",AA15+AC15) | AE15: =IF(Z15="No","",IF(AND(AA15>=Settings!$B$4, Y15="Yes"),"Green",IF(AA15>=Settings!$B$5,"Yellow","Grey"))) | AF15: =IF(AE15="Green",AF14+1,0) -> 0 | AG15: =IF(AE15="Grey",AG14+1,0) -> 0 | AH15: =IF(AG15>=2,"ALERT","") | AI15: =IF(Z15="No","",MIN(100,ROUND((AA15/Settings!$B$7)*Settings!$B$10 + IF(Y15="Yes",Settings!$B$11,0) + IF(E15="",0,E15*Settings!$B$12),0))) | AJ15: =IF(Z15="No","",IF(M15="❌","Sleep; ","")&IF(N15="❌","No Snooze; ","")&IF(O15="❌","Water; ","")&IF(P15="❌","Gratitude; ","")&IF(Q15="❌","Meditation; ","")&IF(R15="❌","Exercise; ","")&IF(S15="❌","Plan Day; ","")&IF(T15="❌","Deep Work; ","")&IF(U15="❌","One-Tab; ","")&IF(V15="❌","Writing; ","")&IF(W15="❌","Reading; ","")&IF(X15="❌","Tidy; ","")) | AL15: =IF(Z15="No","",IF(AND(G15<>"",H15<>"✅"),G15&"; ","")&IF(AND(I15<>"",J15<>"✅"),I15&"; ","")&IF(AND(K15<>"",L15<>"✅"),K15&"; ","")) | AM15: =IF(Z15="No","",AJ15&AL15)
... A188: 46248 | B188: Yes | Z188: =IF(COUNTA(C188:Y188)>0,"Yes","No") -> No | AA188: =IF(Z188="No","",COUNTIF(M188:X188,"✅")) | AB188: =IF(AA188="","",AA188/Settings!$B$7) | AC188: =IF(Z188="No","",COUNTIF(H188,"✅")+COUNTIF(J188,"✅")+COUNTIF(L188,"✅")) | AD188: =IF(AA188="","",AA188+AC188) | AE188: =IF(Z188="No","",IF(AND(AA188>=Settings!$B$4, Y188="Yes"),"Green",IF(AA188>=Settings!$B$5,"Yellow","Grey"))) | AF188: =IF(AE188="Green",AF187+1,0) -> 0 | AG188: =IF(AE188="Grey",AG187+1,0) -> 0 | AH188: =IF(AG188>=2,"ALERT","") | AI188: =IF(Z188="No","",MIN(100,ROUND((AA188/Settings!$B$7)*Settings!$B$10 + IF(Y188="Yes",Settings!$B$11,0) + IF(E188="",0,E188*Settings!$B$12),0))) | AJ188: =IF(Z188="No","",IF(M188="❌","Sleep; ","")&IF(N188="❌","No Snooze; ","")&IF(O188="❌","Water; ","")&IF(P188="❌","Gratitude; ","")&IF(Q188="❌","Meditation; ","")&IF(R188="❌","Exercise; ","")&IF(S188="❌","Plan Day; ","")&IF(T188="❌","Deep Work; ","")&IF(U188="❌","One-Tab; ","")&IF(V188="❌","Writing; ","")&IF(W188="❌","Reading; ","")&IF(X188="❌","Tidy; ","")) | AL188: =IF(Z188="No","",IF(AND(G188<>"",H188<>"✅"),G188&"; ","")&IF(AND(I188<>"",J188<>"✅"),I188&"; ","")&IF(AND(K188<>"",L188<>"✅"),K188&"; ","")) | AM188: =IF(Z188="No","",AJ188&AL188)

Sheet Weekly Summary
A1: Week Start | B1: Week End | C1: Logged Days | D1: Green Days | E1: Yellow Days | F1: Grey Days | G1: Alerts | H1: Avg Habit Completion % | I1: Avg Stability Score | J1: Avg Cognitive Energy
A2: 46062 | B2: 46068 | C2: =COUNTIFS('Daily Tracker'!$A$2:$A$188,">="&A2,'Daily Tracker'!$A$2:$A$188,"<="&B2,'Daily Tracker'!$Z$2:$Z$188,"Yes") -> 0 | D2: =COUNTIFS('Daily Tracker'!$A$2:$A$188,">="&A2,'Daily Tracker'!$A$2:$A$188,"<="&B2,'Daily Tracker'!$AE$2:$AE$188,"Green") -> 0 | E2: =COUNTIFS('Daily Tracker'!$A$2:$A$188,">="&A2,'Daily Tracker'!$A$2:$A$188,"<="&B2,'Daily Tracker'!$AE$2:$AE$188,"Yellow") -> 0 | F2: =COUNTIFS('Daily Tracker'!$A$2:$A$188,">="&A2,'Daily Tracker'!$A$2:$A$188,"<="&B2,'Daily Tracker'!$AE$2:$AE$188,"Grey") -> 0 | G2: =COUNTIFS('Daily Tracker'!$A$2:$A$188,">="&A2,'Daily Tracker'!$A$2:$A$188,"<="&B2,'Daily Tracker'!$AH$2:$AH$188,"ALERT") -> 0 | H2: =IF(C2=0,"",AVERAGEIFS('Daily Tracker'!$AB$2:$AB$188,'Daily Tracker'!$A$2:$A$188,">="&A2,'Daily Tracker'!$A$2:$A$188,"<="&B2,'Daily Tracker'!$Z$2:$Z$188,"Yes")) | I2: =IF(C2=0,"",AVERAGEIFS('Daily Tracker'!$AI$2:$AI$188,'Daily Tracker'!$A$2:$A$188,">="&A2,'Daily Tracker'!$A$2:$A$188,"<="&B2,'Daily Tracker'!$Z$2:$Z$188,"Yes")) | J2: =IF(C2=0,"",AVERAGEIFS('Daily Tracker'!$E$2:$E$188,'Daily Tracker'!$A$2:$A$188,">="&A2,'Daily Tracker'!$A$2:$A$188,"<="&B2,'Daily Tracker'!$Z$2:$Z$188,"Yes"))
A3: 46069 | B3: 46075 | C3: =COUNTIFS('Daily Tracker'!$A$2:$A$188,">="&A3,'Daily Tracker'!$A$2:$A$188,"<="&B3,'Daily Tracker'!$Z$2:$Z$188,"Yes") -> 0 | D3: =COUNTIFS('Daily Tracker'!$A$2:$A$188,">="&A3,'Daily Tracker'!$A$2:$A$188,"<="&B3,'Daily Tracker'!$AE$2:$AE$188,"Green") -> 0 | E3: =COUNTIFS('Daily Tracker'!$A$2:$A$188,">="&A3,'Daily Tracker'!$A$2:$A$188,"<="&B3,'Daily Tracker'!$AE$2:$AE$188,"Yellow") -> 0 | F3: =COUNTIFS('Daily Tracker'!$A$2:$A$188,">="&A3,'Daily Tracker'!$A$2:$A$188,"<="&B3,'Daily Tracker'!$AE$2:$AE$188,"Grey") -> 0 | G3: =COUNTIFS('Daily Tracker'!$A$2:$A$188,">="&A3,'Daily Tracker'!$A$2:$A$188,"<="&B3,'Daily Tracker'!$AH$2:$AH$188,"ALERT") -> 0 | H3: =IF(C3=0,"",AVERAGEIFS('Daily Tracker'!$AB$2:$AB$188,'Daily Tracker'!$A$2:$A$188,">="&A3,'Daily Tracker'!$A$2:$A$188,"<="&B3,'Daily Tracker'!$Z$2:$Z$188,"Yes")) | I3: =IF(C3=0,"",AVERAGEIFS('Daily Tracker'!$AI$2:$AI$188,'Daily Tracker'!$A$2:$A$188,">="&A3,'Daily Tracker'!$A$2:$A$188,"<="&B3,'Daily Tracker'!$Z$2:$Z$188,"Yes")) | J3: =IF(C3=0,"",AVERAGEIFS('Daily Tracker'!$E$2:$E$188,'Daily Tracker'!$A$2:$A$188,">="&A3,'Daily Tracker'!$A$2:$A$188,"<="&B3,'Daily Tracker'!$Z$2:$Z$188,"Yes"))
A4: 46076 | B4: 46082 | C4: =COUNTIFS('Daily Tracker'!$A$2:$A$188,">="&A4,'Daily Tracker'!$A$2:$A$188,"<="&B4,'Daily Tracker'!$Z$2:$Z$188,"Yes") -> 0 | D4: =COUNTIFS('Daily Tracker'!$A$2:$A$188,">="&A4,'Daily Tracker'!$A$2:$A$188,"<="&B4,'Daily Tracker'!$AE$2:$AE$188,"Green") -> 0 | E4: =COUNTIFS('Daily Tracker'!$A$2:$A$188,">="&A4,'Daily Tracker'!$A$2:$A$188,"<="&B4,'Daily Tracker'!$AE$2:$AE$188,"Yellow") -> 0 | F4: =COUNTIFS('Daily Tracker'!$A$2:$A$188,">="&A4,'Daily Tracker'!$A$2:$A$188,"<="&B4,'Daily Tracker'!$AE$2:$AE$188,"Grey") -> 0 | G4: =COUNTIFS('Daily Tracker'!$A$2:$A$188,">="&A4,'Daily Tracker'!$A$2:$A$188,"<="&B4,'Daily Tracker'!$AH$2:$AH$188,"ALERT") -> 0 | H4: =IF(C4=0,"",AVERAGEIFS('Daily Tracker'!$AB$2:$AB$188,'Daily Tracker'!$A$2:$A$188,">="&A4,'Daily Tracker'!$A$2:$A$188,"<="&B4,'Daily Tracker'!$Z$2:$Z$188,"Yes")) | I4: =IF(C4=0,"",AVERAGEIFS('Daily Tracker'!$AI$2:$AI$188,'Daily Tracker'!$A$2:$A$188,">="&A4,'Daily Tracker'!$A$2:$A$188,"<="&B4,'Daily Tracker'!$Z$2:$Z$188,"Yes")) | J4: =IF(C4=0,"",AVERAGEIFS('Daily Tracker'!$E$2:$E$188,'Daily Tracker'!$A$2:$A$188,">="&A4,'Daily Tracker'!$A$2:$A$188,"<="&B4,'Daily Tracker'!$Z$2:$Z$188,"Yes"))
A5: 46083 | B5: 46089 | C5: =COUNTIFS('Daily Tracker'!$A$2:$A$188,">="&A5,'Daily Tracker'!$A$2:$A$188,"<="&B5,'Daily Tracker'!$Z$2:$Z$188,"Yes") -> 0 | D5: =COUNTIFS('Daily Tracker'!$A$2:$A$188,">="&A5,'Daily Tracker'!$A$2:$A$188,"<="&B5,'Daily Tracker'!$AE$2:$AE$188,"Green") -> 0 | E5: =COUNTIFS('Daily Tracker'!$A$2:$A$188,">="&A5,'Daily Tracker'!$A$2:$A$188,"<="&B5,'Daily Tracker'!$AE$2:$AE$188,"Yellow") -> 0 | F5: =COUNTIFS('Daily Tracker'!$A$2:$A$188,">="&A5,'Daily Tracker'!$A$2:$A$188,"<="&B5,'Daily Tracker'!$AE$2:$AE$188,"Grey") -> 0 | G5: =COUNTIFS('Daily Tracker'!$A$2:$A$188,">="&A5,'Daily Tracker'!$A$2:$A$188,"<="&B5,'Daily Tracker'!$AH$2:$AH$188,"ALERT") -> 0 | H5: =IF(C5=0,"",AVERAGEIFS('Daily Tracker'!$AB$2:$AB$188,'Daily Tracker'!$A$2:$A$188,">="&A5,'Daily Tracker'!$A$2:$A$188,"<="&B5,'Daily Tracker'!$Z$2:$Z$188,"Yes")) | I5: =IF(C5=0,"",AVERAGEIFS('Daily Tracker'!$AI$2:$AI$188,'Daily Tracker'!$A$2:$A$188,">="&A5,'Daily Tracker'!$A$2:$A$188,"<="&B5,'Daily Tracker'!$Z$2:$Z$188,"Yes")) | J5: =IF(C5=0,"",AVERAGEIFS('Daily Tracker'!$E$2:$E$188,'Daily Tracker'!$A$2:$A$188,">="&A5,'Daily Tracker'!$A$2:$A$188,"<="&B5,'Daily Tracker'!$Z$2:$Z$188,"Yes"))
A6: 46090 | B6: 46096 | C6: =COUNTIFS('Daily Tracker'!$A$2:$A$188,">="&A6,'Daily Tracker'!$A$2:$A$188,"<="&B6,'Daily Tracker'!$Z$2:$Z$188,"Yes") -> 0 | D6: =COUNTIFS('Daily Tracker'!$A$2:$A$188,">="&A6,'Daily Tracker'!$A$2:$A$188,"<="&B6,'Daily Tracker'!$AE$2:$AE$188,"Green") -> 0 | E6: =COUNTIFS('Daily Tracker'!$A$2:$A$188,">="&A6,'Daily Tracker'!$A$2:$A$188,"<="&B6,'Daily Tracker'!$AE$2:$AE$188,"Yellow") -> 0 | F6: =COUNTIFS('Daily Tracker'!$A$2:$A$188,">="&A6,'Daily Tracker'!$A$2:$A$188,"<="&B6,'Daily Tracker'!$AE$2:$AE$188,"Grey") -> 0 | G6: =COUNTIFS('Daily Tracker'!$A$2:$A$188,">="&A6,'Daily Tracker'!$A$2:$A$188,"<="&B6,'Daily Tracker'!$AH$2:$AH$188,"ALERT") -> 0 | H6: =IF(C6=0,"",AVERAGEIFS('Daily Tracker'!$AB$2:$AB$188,'Daily Tracker'!$A$2:$A$188,">="&A6,'Daily Tracker'!$A$2:$A$188,"<="&B6,'Daily Tracker'!$Z$2:$Z$188,"Yes")) | I6: =IF(C6=0,"",AVERAGEIFS('Daily Tracker'!$AI$2:$AI$188,'Daily Tracker'!$A$2:$A$188,">="&A6,'Daily Tracker'!$A$2:$A$188,"<="&B6,'Daily Tracker'!$Z$2:$Z$188,"Yes")) | J6: =IF(C6=0,"",AVERAGEIFS('Daily Tracker'!$E$2:$E$188,'Daily Tracker'!$A$2:$A$188,">="&A6,'Daily Tracker'!$A$2:$A$188,"<="&B6,'Daily Tracker'!$Z$2:$Z$188,"Yes"))
A7: 46097 | B7: 46103 | C7: =COUNTIFS('Daily Tracker'!$A$2:$A$188,">="&A7,'Daily Tracker'!$A$2:$A$188,"<="&B7,'Daily Tracker'!$Z$2:$Z$188,"Yes") -> 0 | D7: =COUNTIFS('Daily Tracker'!$A$2:$A$188,">="&A7,'Daily Tracker'!$A$2:$A$188,"<="&B7,'Daily Tracker'!$AE$2:$AE$188,"Green") -> 0 | E7: =COUNTIFS('Daily Tracker'!$A$2:$A$188,">="&A7,'Daily Tracker'!$A$2:$A$188,"<="&B7,'Daily Tracker'!$AE$2:$AE$188,"Yellow") -> 0 | F7: =COUNTIFS('Daily Tracker'!$A$2:$A$188,">="&A7,'Daily Tracker'!$A$2:$A$188,"<="&B7,'Daily Tracker'!$AE$2:$AE$188,"Grey") -> 0 | G7: =COUNTIFS('Daily Tracker'!$A$2:$A$188,">="&A7,'Daily Tracker'!$A$2:$A$188,"<="&B7,'Daily Tracker'!$AH$2:$AH$188,"ALERT") -> 0 | H7: =IF(C7=0,"",AVERAGEIFS('Daily Tracker'!$AB$2:$AB$188,'Daily Tracker'!$A$2:$A$188,">="&A7,'Daily Tracker'!$A$2:$A$188,"<="&B7,'Daily Tracker'!$Z$2:$Z$188,"Yes")) | I7: =IF(C7=0,"",AVERAGEIFS('Daily Tracker'!$AI$2:$AI$188,'Daily Tracker'!$A$2:$A$188,">="&A7,'Daily Tracker'!$A$2:$A$188,"<="&B7,'Daily Tracker'!$Z$2:$Z$188,"Yes")) | J7: =IF(C7=0,"",AVERAGEIFS('Daily Tracker'!$E$2:$E$188,'Daily Tracker'!$A$2:$A$188,">="&A7,'Daily Tracker'!$A$2:$A$188,"<="&B7,'Daily Tracker'!$Z$2:$Z$188,"Yes"))
A8: 46104 | B8: 46110 | C8: =COUNTIFS('Daily Tracker'!$A$2:$A$188,">="&A8,'Daily Tracker'!$A$2:$A$188,"<="&B8,'Daily Tracker'!$Z$2:$Z$188,"Yes") -> 0 | D8: =COUNTIFS('Daily Tracker'!$A$2:$A$188,">="&A8,'Daily Tracker'!$A$2:$A$188,"<="&B8,'Daily Tracker'!$AE$2:$AE$188,"Green") -> 0 | E8: =COUNTIFS('Daily Tracker'!$A$2:$A$188,">="&A8,'Daily Tracker'!$A$2:$A$188,"<="&B8,'Daily Tracker'!$AE$2:$AE$188,"Yellow") -> 0 | F8: =COUNTIFS('Daily Tracker'!$A$2:$A$188,">="&A8,'Daily Tracker'!$A$2:$A$188,"<="&B8,'Daily Tracker'!$AE$2:$AE$188,"Grey") -> 0 | G8: =COUNTIFS('Daily Tracker'!$A$2:$A$188,">="&A8,'Daily Tracker'!$A$2:$A$188,"<="&B8,'Daily Tracker'!$AH$2:$AH$188,"ALERT") -> 0 | H8: =IF(C8=0,"",AVERAGEIFS('Daily Tracker'!$AB$2:$AB$188,'Daily Tracker'!$A$2:$A$188,">="&A8,'Daily Tracker'!$A$2:$A$188,"<="&B8,'Daily Tracker'!$Z$2:$Z$188,"Yes")) | I8: =IF(C8=0,"",AVERAGEIFS('Daily Tracker'!$AI$2:$AI$188,'Daily Tracker'!$A$2:$A$188,">="&A8,'Daily Tracker'!$A$2:$A$188,"<="&B8,'Daily Tracker'!$Z$2:$Z$188,"Yes")) | J8: =IF(C8=0,"",AVERAGEIFS('Daily Tracker'!$E$2:$E$188,'Daily Tracker'!$A$2:$A$188,">="&A8,'Daily Tracker'!$A$2:$A$188,"<="&B8,'Daily Tracker'!$Z$2:$Z$188,"Yes"))
A9: 46111 | B9: 46117 | C9: =COUNTIFS('Daily Tracker'!$A$2:$A$188,">="&A9,'Daily Tracker'!$A$2:$A$188,"<="&B9,'Daily Tracker'!$Z$2:$Z$188,"Yes") -> 0 | D9: =COUNTIFS('Daily Tracker'!$A$2:$A$188,">="&A9,'Daily Tracker'!$A$2:$A$188,"<="&B9,'Daily Tracker'!$AE$2:$AE$188,"Green") -> 0 | E9: =COUNTIFS('Daily Tracker'!$A$2:$A$188,">="&A9,'Daily Tracker'!$A$2:$A$188,"<="&B9,'Daily Tracker'!$AE$2:$AE$188,"Yellow") -> 0 | F9: =COUNTIFS('Daily Tracker'!$A$2:$A$188,">="&A9,'Daily Tracker'!$A$2:$A$188,"<="&B9,'Daily Tracker'!$AE$2:$AE$188,"Grey") -> 0 | G9: =COUNTIFS('Daily Tracker'!$A$2:$A$188,">="&A9,'Daily Tracker'!$A$2:$A$188,"<="&B9,'Daily Tracker'!$AH$2:$AH$188,"ALERT") -> 0 | H9: =IF(C9=0,"",AVERAGEIFS('Daily Tracker'!$AB$2:$AB$188,'Daily Tracker'!$A$2:$A$188,">="&A9,'Daily Tracker'!$A$2:$A$188,"<="&B9,'Daily Tracker'!$Z$2:$Z$188,"Yes")) | I9: =IF(C9=0,"",AVERAGEIFS('Daily Tracker'!$AI$2:$AI$188,'Daily Tracker'!$A$2:$A$188,">="&A9,'Daily Tracker'!$A$2:$A$188,"<="&B9,'Daily Tracker'!$Z$2:$Z$188,"Yes")) | J9: =IF(C9=0,"",AVERAGEIFS('Daily Tracker'!$E$2:$E$188,'Daily Tracker'!$A$2:$A$188,">="&A9,'Daily Tracker'!$A$2:$A$188,"<="&B9,'Daily Tracker'!$Z$2:$Z$188,"Yes"))
A10: 46118 | B10: 46124 | C10: =COUNTIFS('Daily Tracker'!$A$2:$A$188,">="&A10,'Daily Tracker'!$A$2:$A$188,"<="&B10,'Daily Tracker'!$Z$2:$Z$188,"Yes") -> 0 | D10: =COUNTIFS('Daily Tracker'!$A$2:$A$188,">="&A10,'Daily Tracker'!$A$2:$A$188,"<="&B10,'Daily Tracker'!$AE$2:$AE$188,"Green") -> 0 | E10: =COUNTIFS('Daily Tracker'!$A$2:$A$188,">="&A10,'Daily Tracker'!$A$2:$A$188,"<="&B10,'Daily Tracker'!$AE$2:$AE$188,"Yellow") -> 0 | F10: =COUNTIFS('Daily Tracker'!$A$2:$A$188,">="&A10,'Daily Tracker'!$A$2:$A$188,"<="&B10,'Daily Tracker'!$AE$2:$AE$188,"Grey") -> 0 | G10: =COUNTIFS('Daily Tracker'!$A$2:$A$188,">="&A10,'Daily Tracker'!$A$2:$A$188,"<="&B10,'Daily Tracker'!$AH$2:$AH$188,"ALERT") -> 0 | H10: =IF(C10=0,"",AVERAGEIFS('Daily Tracker'!$AB$2:$AB$188,'Daily Tracker'!$A$2:$A$188,">="&A10,'Daily Tracker'!$A$2:$A$188,"<="&B10,'Daily Tracker'!$Z$2:$Z$188,"Yes")) | I10: =IF(C10=0,"",AVERAGEIFS('Daily Tracker'!$AI$2:$AI$188,'Daily Tracker'!$A$2:$A$188,">="&A10,'Daily Tracker'!$A$2:$A$188,"<="&B10,'Daily Tracker'!$Z$2:$Z$188,"Yes")) | J10: =IF(C10=0,"",AVERAGEIFS('Daily Tracker'!$E$2:$E$188,'Daily Tracker'!$A$2:$A$188,">="&A10,'Daily Tracker'!$A$2:$A$188,"<="&B10,'Daily Tracker'!$Z$2:$Z$188,"Yes"))
A11: 46125 | B11: 46131 | C11: =COUNTIFS('Daily Tracker'!$A$2:$A$188,">="&A11,'Daily Tracker'!$A$2:$A$188,"<="&B11,'Daily Tracker'!$Z$2:$Z$188,"Yes") -> 0 | D11: =COUNTIFS('Daily Tracker'!$A$2:$A$188,">="&A11,'Daily Tracker'!$A$2:$A$188,"<="&B11,'Daily Tracker'!$AE$2:$AE$188,"Green") -> 0 | E11: =COUNTIFS('Daily Tracker'!$A$2:$A$188,">="&A11,'Daily Tracker'!$A$2:$A$188,"<="&B11,'Daily Tracker'!$AE$2:$AE$188,"Yellow") -> 0 | F11: =COUNTIFS('Daily Tracker'!$A$2:$A$188,">="&A11,'Daily Tracker'!$A$2:$A$188,"<="&B11,'Daily Tracker'!$AE$2:$AE$188,"Grey") -> 0 | G11: =COUNTIFS('Daily Tracker'!$A$2:$A$188,">="&A11,'Daily Tracker'!$A$2:$A$188,"<="&B11,'Daily Tracker'!$AH$2:$AH$188,"ALERT") -> 0 | H11: =IF(C11=0,"",AVERAGEIFS('Daily Tracker'!$AB$2:$AB$188,'Daily Tracker'!$A$2:$A$188,">="&A11,'Daily Tracker'!$A$2:$A$188,"<="&B11,'Daily Tracker'!$Z$2:$Z$188,"Yes")) | I11: =IF(C11=0,"",AVERAGEIFS('Daily Tracker'!$AI$2:$AI$188,'Daily Tracker'!$A$2:$A$188,">="&A11,'Daily Tracker'!$A$2:$A$188,"<="&B11,'Daily Tracker'!$Z$2:$Z$188,"Yes")) | J11: =IF(C11=0,"",AVERAGEIFS('Daily Tracker'!$E$2:$E$188,'Daily Tracker'!$A$2:$A$188,">="&A11,'Daily Tracker'!$A$2:$A$188,"<="&B11,'Daily Tracker'!$Z$2:$Z$188,"Yes"))
A12: 46132 | B12: 46138 | C12: =COUNTIFS('Daily Tracker'!$A$2:$A$188,">="&A12,'Daily Tracker'!$A$2:$A$188,"<="&B12,'Daily Tracker'!$Z$2:$Z$188,"Yes") -> 0 | D12: =COUNTIFS('Daily Tracker'!$A$2:$A$188,">="&A12,'Daily Tracker'!$A$2:$A$188,"<="&B12,'Daily Tracker'!$AE$2:$AE$188,"Green") -> 0 | E12: =COUNTIFS('Daily Tracker'!$A$2:$A$188,">="&A12,'Daily Tracker'!$A$2:$A$188,"<="&B12,'Daily Tracker'!$AE$2:$AE$188,"Yellow") -> 0 | F12: =COUNTIFS('Daily Tracker'!$A$2:$A$188,">="&A12,'Daily Tracker'!$A$2:$A$188,"<="&B12,'Daily Tracker'!$AE$2:$AE$188,"Grey") -> 0 | G12: =COUNTIFS('Daily Tracker'!$A$2:$A$188,">="&A12,'Daily Tracker'!$A$2:$A$188,"<="&B12,'Daily Tracker'!$AH$2:$AH$188,"ALERT") -> 0 | H12: =IF(C12=0,"",AVERAGEIFS('Daily Tracker'!$AB$2:$AB$188,'Daily Tracker'!$A$2:$A$188,">="&A12,'Daily Tracker'!$A$2:$A$188,"<="&B12,'Daily Tracker'!$Z$2:$Z$188,"Yes")) | I12: =IF(C12=0,"",AVERAGEIFS('Daily Tracker'!$AI$2:$AI$188,'Daily Tracker'!$A$2:$A$188,">="&A12,'Daily Tracker'!$A$2:$A$188,"<="&B12,'Daily Tracker'!$Z$2:$Z$188,"Yes")) | J12: =IF(C12=0,"",AVERAGEIFS('Daily Tracker'!$E$2:$E$188,'Daily Tracker'!$A$2:$A$188,">="&A12,'Daily Tracker'!$A$2:$A$188,"<="&B12,'Daily Tracker'!$Z$2:$Z$188,"Yes"))
A13: 46139 | B13: 46145 | C13: =COUNTIFS('Daily Tracker'!$A$2:$A$188,">="&A13,'Daily Tracker'!$A$2:$A$188,"<="&B13,'Daily Tracker'!$Z$2:$Z$188,"Yes") -> 0 | D13: =COUNTIFS('Daily Tracker'!$A$2:$A$188,">="&A13,'Daily Tracker'!$A$2:$A$188,"<="&B13,'Daily Tracker'!$AE$2:$AE$188,"Green") -> 0 | E13: =COUNTIFS('Daily Tracker'!$A$2:$A$188,">="&A13,'Daily Tracker'!$A$2:$A$188,"<="&B13,'Daily Tracker'!$AE$2:$AE$188,"Yellow") -> 0 | F13: =COUNTIFS('Daily Tracker'!$A$2:$A$188,">="&A13,'Daily Tracker'!$A$2:$A$188,"<="&B13,'Daily Tracker'!$AE$2:$AE$188,"Grey") -> 0 | G13: =COUNTIFS('Daily Tracker'!$A$2:$A$188,">="&A13,'Daily Tracker'!$A$2:$A$188,"<="&B13,'Daily Tracker'!$AH$2:$AH$188,"ALERT") -> 0 | H13: =IF(C13=0,"",AVERAGEIFS('Daily Tracker'!$AB$2:$AB$188,'Daily Tracker'!$A$2:$A$188,">="&A13,'Daily Tracker'!$A$2:$A$188,"<="&B13,'Daily Tracker'!$Z$2:$Z$188,"Yes")) | I13: =IF(C13=0,"",AVERAGEIFS('Daily Tracker'!$AI$2:$AI$188,'Daily Tracker'!$A$2:$A$188,">="&A13,'Daily Tracker'!$A$2:$A$188,"<="&B13,'Daily Tracker'!$Z$2:$Z$188,"Yes")) | J13: =IF(C13=0,"",AVERAGEIFS('Daily Tracker'!$E$2:$E$188,'Daily Tracker'!$A$2:$A$188,">="&A13,'Daily Tracker'!$A$2:$A$188,"<="&B13,'Daily Tracker'!$Z$2:$Z$188,"Yes"))
... A28: 46244 | B28: 46248 | C28: =COUNTIFS('Daily Tracker'!$A$2:$A$188,">="&A28,'Daily Tracker'!$A$2:$A$188,"<="&B28,'Daily Tracker'!$Z$2:$Z$188,"Yes") -> 0 | D28: =COUNTIFS('Daily Tracker'!$A$2:$A$188,">="&A28,'Daily Tracker'!$A$2:$A$188,"<="&B28,'Daily Tracker'!$AE$2:$AE$188,"Green") -> 0 | E28: =COUNTIFS('Daily Tracker'!$A$2:$A$188,">="&A28,'Daily Tracker'!$A$2:$A$188,"<="&B28,'Daily Tracker'!$AE$2:$AE$188,"Yellow") -> 0 | F28: =COUNTIFS('Daily Tracker'!$A$2:$A$188,">="&A28,'Daily Tracker'!$A$2:$A$188,"<="&B28,'Daily Tracker'!$AE$2:$AE$188,"Grey") -> 0 | G28: =COUNTIFS('Daily Tracker'!$A$2:$A$188,">="&A28,'Daily Tracker'!$A$2:$A$188,"<="&B28,'Daily Tracker'!$AH$2:$AH$188,"ALERT") -> 0 | H28: =IF(C28=0,"",AVERAGEIFS('Daily Tracker'!$AB$2:$AB$188,'Daily Tracker'!$A$2:$A$188,">="&A28,'Daily Tracker'!$A$2:$A$188,"<="&B28,'Daily Tracker'!$Z$2:$Z$188,"Yes")) | I28: =IF(C28=0,"",AVERAGEIFS('Daily Tracker'!$AI$2:$AI$188,'Daily Tracker'!$A$2:$A$188,">="&A28,'Daily Tracker'!$A$2:$A$188,"<="&B28,'Daily Tracker'!$Z$2:$Z$188,"Yes")) | J28: =IF(C28=0,"",AVERAGEIFS('Daily Tracker'!$E$2:$E$188,'Daily Tracker'!$A$2:$A$188,">="&A28,'Daily Tracker'!$A$2:$A$188,"<="&B28,'Daily Tracker'!$Z$2:$Z$188,"Yes"))

Sheet Monthly Summary
A1: Month | B1: Start | C1: End | D1: Logged Days | E1: Green Days | F1: Yellow Days | G1: Grey Days | H1: Alerts | I1: Avg Habit Completion % | J1: Avg Stability Score | K1: Avg Cognitive Energy | L1: Top Module (count)
A2: 2026-02 | B2: 46062 | C2: 46081 | D2: =COUNTIFS('Daily Tracker'!$A$2:$A$188,">="&B2,'Daily Tracker'!$A$2:$A$188,"<="&C2,'Daily Tracker'!$Z$2:$Z$188,"Yes") -> 0 | E2: =COUNTIFS('Daily Tracker'!$A$2:$A$188,">="&B2,'Daily Tracker'!$A$2:$A$188,"<="&C2,'Daily Tracker'!$AE$2:$AE$188,"Green") -> 0 | F2: =COUNTIFS('Daily Tracker'!$A$2:$A$188,">="&B2,'Daily Tracker'!$A$2:$A$188,"<="&C2,'Daily Tracker'!$AE$2:$AE$188,"Yellow") -> 0 | G2: =COUNTIFS('Daily Tracker'!$A$2:$A$188,">="&B2,'Daily Tracker'!$A$2:$A$188,"<="&C2,'Daily Tracker'!$AE$2:$AE$188,"Grey") -> 0 | H2: =COUNTIFS('Daily Tracker'!$A$2:$A$188,">="&B2,'Daily Tracker'!$A$2:$A$188,"<="&C2,'Daily Tracker'!$AH$2:$AH$188,"ALERT") -> 0 | I2: =IF(D2=0,"",AVERAGEIFS('Daily Tracker'!$AB$2:$AB$188,'Daily Tracker'!$A$2:$A$188,">="&B2,'Daily Tracker'!$A$2:$A$188,"<="&C2,'Daily Tracker'!$Z$2:$Z$188,"Yes")) | J2: =IF(D2=0,"",AVERAGEIFS('Daily Tracker'!$AI$2:$AI$188,'Daily Tracker'!$A$2:$A$188,">="&B2,'Daily Tracker'!$A$2:$A$188,"<="&C2,'Daily Tracker'!$Z$2:$Z$188,"Yes")) | K2: =IF(D2=0,"",AVERAGEIFS('Daily Tracker'!$E$2:$E$188,'Daily Tracker'!$A$2:$A$188,">="&B2,'Daily Tracker'!$A$2:$A$188,"<="&C2,'Daily Tracker'!$Z$2:$Z$188,"Yes"))
A3: 2026-03 | B3: 46082 | C3: 46112 | D3: =COUNTIFS('Daily Tracker'!$A$2:$A$188,">="&B3,'Daily Tracker'!$A$2:$A$188,"<="&C3,'Daily Tracker'!$Z$2:$Z$188,"Yes") -> 0 | E3: =COUNTIFS('Daily Tracker'!$A$2:$A$188,">="&B3,'Daily Tracker'!$A$2:$A$188,"<="&C3,'Daily Tracker'!$AE$2:$AE$188,"Green") -> 0 | F3: =COUNTIFS('Daily Tracker'!$A$2:$A$188,">="&B3,'Daily Tracker'!$A$2:$A$188,"<="&C3,'Daily Tracker'!$AE$2:$AE$188,"Yellow") -> 0 | G3: =COUNTIFS('Daily Tracker'!$A$2:$A$188,">="&B3,'Daily Tracker'!$A$2:$A$188,"<="&C3,'Daily Tracker'!$AE$2:$AE$188,"Grey") -> 0 | H3: =COUNTIFS('Daily Tracker'!$A$2:$A$188,">="&B3,'Daily Tracker'!$A$2:$A$188,"<="&C3,'Daily Tracker'!$AH$2:$AH$188,"ALERT") -> 0 | I3: =IF(D3=0,"",AVERAGEIFS('Daily Tracker'!$AB$2:$AB$188,'Daily Tracker'!$A$2:$A$188,">="&B3,'Daily Tracker'!$A$2:$A$188,"<="&C3,'Daily Tracker'!$Z$2:$Z$188,"Yes")) | J3: =IF(D3=0,"",AVERAGEIFS('Daily Tracker'!$AI$2:$AI$188,'Daily Tracker'!$A$2:$A$188,">="&B3,'Daily Tracker'!$A$2:$A$188,"<="&C3,'Daily Tracker'!$Z$2:$Z$188,"Yes")) | K3: =IF(D3=0,"",AVERAGEIFS('Daily Tracker'!$E$2:$E$188,'Daily Tracker'!$A$2:$A$188,">="&B3,'Daily Tracker'!$A$2:$A$188,"<="&C3,'Daily Tracker'!$Z$2:$Z$188,"Yes"))
A4: 2026-04 | B4: 46113 | C4: 46142 | D4: =COUNTIFS('Daily Tracker'!$A$2:$A$188,">="&B4,'Daily Tracker'!$A$2:$A$188,"<="&C4,'Daily Tracker'!$Z$2:$Z$188,"Yes") -> 0 | E4: =COUNTIFS('Daily Tracker'!$A$2:$A$188,">="&B4,'Daily Tracker'!$A$2:$A$188,"<="&C4,'Daily Tracker'!$AE$2:$AE$188,"Green") -> 0 | F4: =COUNTIFS('Daily Tracker'!$A$2:$A$188,">="&B4,'Daily Tracker'!$A$2:$A$188,"<="&C4,'Daily Tracker'!$AE$2:$AE$188,"Yellow") -> 0 | G4: =COUNTIFS('Daily Tracker'!$A$2:$A$188,">="&B4,'Daily Tracker'!$A$2:$A$188,"<="&C4,'Daily Tracker'!$AE$2:$AE$188,"Grey") -> 0 | H4: =COUNTIFS('Daily Tracker'!$A$2:$A$188,">="&B4,'Daily Tracker'!$A$2:$A$188,"<="&C4,'Daily Tracker'!$AH$2:$AH$188,"ALERT") -> 0 | I4: =IF(D4=0,"",AVERAGEIFS('Daily Tracker'!$AB$2:$AB$188,'Daily Tracker'!$A$2:$A$188,">="&B4,'Daily Tracker'!$A$2:$A$188,"<="&C4,'Daily Tracker'!$Z$2:$Z$188,"Yes")) | J4: =IF(D4=0,"",AVERAGEIFS('Daily Tracker'!$AI$2:$AI$188,'Daily Tracker'!$A$2:$A$188,">="&B4,'Daily Tracker'!$A$2:$A$188,"<="&C4,'Daily Tracker'!$Z$2:$Z$188,"Yes")) | K4: =IF(D4=0,"",AVERAGEIFS('Daily Tracker'!$E$2:$E$188,'Daily Tracker'!$A$2:$A$188,">="&B4,'Daily Tracker'!$A$2:$A$188,"<="&C4,'Daily Tracker'!$Z$2:$Z$188,"Yes"))
A5: 2026-05 | B5: 46143 | C5: 46173 | D5: =COUNTIFS('Daily Tracker'!$A$2:$A$188,">="&B5,'Daily Tracker'!$A$2:$A$188,"<="&C5,'Daily Tracker'!$Z$2:$Z$188,"Yes") -> 0 | E5: =COUNTIFS('Daily Tracker'!$A$2:$A$188,">="&B5,'Daily Tracker'!$A$2:$A$188,"<="&C5,'Daily Tracker'!$AE$2:$AE$188,"Green") -> 0 | F5: =COUNTIFS('Daily Tracker'!$A$2:$A$188,">="&B5,'Daily Tracker'!$A$2:$A$188,"<="&C5,'Daily Tracker'!$AE$2:$AE$188,"Yellow") -> 0 | G5: =COUNTIFS('Daily Tracker'!$A$2:$A$188,">="&B5,'Daily Tracker'!$A$2:$A$188,"<="&C5,'Daily Tracker'!$AE$2:$AE$188,"Grey") -> 0 | H5: =COUNTIFS('Daily Tracker'!$A$2:$A$188,">="&B5,'Daily Tracker'!$A$2:$A$188,"<="&C5,'Daily Tracker'!$AH$2:$AH$188,"ALERT") -> 0 | I5: =IF(D5=0,"",AVERAGEIFS('Daily Tracker'!$AB$2:$AB$188,'Daily Tracker'!$A$2:$A$188,">="&B5,'Daily Tracker'!$A$2:$A$188,"<="&C5,'Daily Tracker'!$Z$2:$Z$188,"Yes")) | J5: =IF(D5=0,"",AVERAGEIFS('Daily Tracker'!$AI$2:$AI$188,'Daily Tracker'!$A$2:$A$188,">="&B5,'Daily Tracker'!$A$2:$A$188,"<="&C5,'Daily Tracker'!$Z$2:$Z$188,"Yes")) | K5: =IF(D5=0,"",AVERAGEIFS('Daily Tracker'!$E$2:$E$188,'Daily Tracker'!$A$2:$A$188,">="&B5,'Daily Tracker'!$A$2:$A$188,"<="&C5,'Daily Tracker'!$Z$2:$Z$188,"Yes"))
A6: 2026-06 | B6: 46174 | C6: 46203 | D6: =COUNTIFS('Daily Tracker'!$A$2:$A$188,">="&B6,'Daily Tracker'!$A$2:$A$188,"<="&C6,'Daily Tracker'!$Z$2:$Z$188,"Yes") -> 0 | E6: =COUNTIFS('Daily Tracker'!$A$2:$A$188,">="&B6,'Daily Tracker'!$A$2:$A$188,"<="&C6,'Daily Tracker'!$AE$2:$AE$188,"Green") -> 0 | F6: =COUNTIFS('Daily Tracker'!$A$2:$A$188,">="&B6,'Daily Tracker'!$A$2:$A$188,"<="&C6,'Daily Tracker'!$AE$2:$AE$188,"Yellow") -> 0 | G6: =COUNTIFS('Daily Tracker'!$A$2:$A$188,">="&B6,'Daily Tracker'!$A$2:$A$188,"<="&C6,'Daily Tracker'!$AE$2:$AE$188,"Grey") -> 0 | H6: =COUNTIFS('Daily Tracker'!$A$2:$A$188,">="&B6,'Daily Tracker'!$A$2:$A$188,"<="&C6,'Daily Tracker'!$AH$2:$AH$188,"ALERT") -> 0 | I6: =IF(D6=0,"",AVERAGEIFS('Daily Tracker'!$AB$2:$AB$188,'Daily Tracker'!$A$2:$A$188,">="&B6,'Daily Tracker'!$A$2:$A$188,"<="&C6,'Daily Tracker'!$Z$2:$Z$188,"Yes")) | J6: =IF(D6=0,"",AVERAGEIFS('Daily Tracker'!$AI$2:$AI$188,'Daily Tracker'!$A$2:$A$188,">="&B6,'Daily Tracker'!$A$2:$A$188,"<="&C6,'Daily Tracker'!$Z$2:$Z$188,"Yes")) | K6: =IF(D6=0,"",AVERAGEIFS('Daily Tracker'!$E$2:$E$188,'Daily Tracker'!$A$2:$A$188,">="&B6,'Daily Tracker'!$A$2:$A$188,"<="&C6,'Daily Tracker'!$Z$2:$Z$188,"Yes"))
A7: 2026-07 | B7: 46204 | C7: 46234 | D7: =COUNTIFS('Daily Tracker'!$A$2:$A$188,">="&B7,'Daily Tracker'!$A$2:$A$188,"<="&C7,'Daily Tracker'!$Z$2:$Z$188,"Yes") -> 0 | E7: =COUNTIFS('Daily Tracker'!$A$2:$A$188,">="&B7,'Daily Tracker'!$A$2:$A$188,"<="&C7,'Daily Tracker'!$AE$2:$AE$188,"Green") -> 0 | F7: =COUNTIFS('Daily Tracker'!$A$2:$A$188,">="&B7,'Daily Tracker'!$A$2:$A$188,"<="&C7,'Daily Tracker'!$AE$2:$AE$188,"Yellow") -> 0 | G7: =COUNTIFS('Daily Tracker'!$A$2:$A$188,">="&B7,'Daily Tracker'!$A$2:$A$188,"<="&C7,'Daily Tracker'!$AE$2:$AE$188,"Grey") -> 0 | H7: =COUNTIFS('Daily Tracker'!$A$2:$A$188,">="&B7,'Daily Tracker'!$A$2:$A$188,"<="&C7,'Daily Tracker'!$AH$2:$AH$188,"ALERT") -> 0 | I7: =IF(D7=0,"",AVERAGEIFS('Daily Tracker'!$AB$2:$AB$188,'Daily Tracker'!$A$2:$A$188,">="&B7,'Daily Tracker'!$A$2:$A$188,"<="&C7,'Daily Tracker'!$Z$2:$Z$188,"Yes")) | J7: =IF(D7=0,"",AVERAGEIFS('Daily Tracker'!$AI$2:$AI$188,'Daily Tracker'!$A$2:$A$188,">="&B7,'Daily Tracker'!$A$2:$A$188,"<="&C7,'Daily Tracker'!$Z$2:$Z$188,"Yes")) | K7: =IF(D7=0,"",AVERAGEIFS('Daily Tracker'!$E$2:$E$188,'Daily Tracker'!$A$2:$A$188,">="&B7,'Daily Tracker'!$A$2:$A$188,"<="&C7,'Daily Tracker'!$Z$2:$Z$188,"Yes"))
A8: 2026-08 | B8: 46235 | C8: 46248 | D8: =COUNTIFS('Daily Tracker'!$A$2:$A$188,">="&B8,'Daily Tracker'!$A$2:$A$188,"<="&C8,'Daily Tracker'!$Z$2:$Z$188,"Yes") -> 0 | E8: =COUNTIFS('Daily Tracker'!$A$2:$A$188,">="&B8,'Daily Tracker'!$A$2:$A$188,"<="&C8,'Daily Tracker'!$AE$2:$AE$188,"Green") -> 0 | F8: =COUNTIFS('Daily Tracker'!$A$2:$A$188,">="&B8,'Daily Tracker'!$A$2:$A$188,"<="&C8,'Daily Tracker'!$AE$2:$AE$188,"Yellow") -> 0 | G8: =COUNTIFS('Daily Tracker'!$A$2:$A$188,">="&B8,'Daily Tracker'!$A$2:$A$188,"<="&C8,'Daily Tracker'!$AE$2:$AE$188,"Grey") -> 0 | H8: =COUNTIFS('Daily Tracker'!$A$2:$A$188,">="&B8,'Daily Tracker'!$A$2:$A$188,"<="&C8,'Daily Tracker'!$AH$2:$AH$188,"ALERT") -> 0 | I8: =IF(D8=0,"",AVERAGEIFS('Daily Tracker'!$AB$2:$AB$188,'Daily Tracker'!$A$2:$A$188,">="&B8,'Daily Tracker'!$A$2:$A$188,"<="&C8,'Daily Tracker'!$Z$2:$Z$188,"Yes")) | J8: =IF(D8=0,"",AVERAGEIFS('Daily Tracker'!$AI$2:$AI$188,'Daily Tracker'!$A$2:$A$188,">="&B8,'Daily Tracker'!$A$2:$A$188,"<="&C8,'Daily Tracker'!$Z$2:$Z$188,"Yes")) | K8: =IF(D8=0,"",AVERAGEIFS('Daily Tracker'!$E$2:$E$188,'Daily Tracker'!$A$2:$A$188,">="&B8,'Daily Tracker'!$A$2:$A$188,"<="&C8,'Daily Tracker'!$Z$2:$Z$188,"Yes"))

Sheet Dashboard
A1: Personal System Dashboard
A3: Bootcamp period | B3: 2026-02-09 to 2026-08-14 | D3: Module Distribution
A4: Logged days | B4: =COUNTIF('Daily Tracker'!$Z$2:$Z$188,"Yes") -> 0 | C4: Module | D4: Days
A5: Green days | B5: =COUNTIF('Daily Tracker'!$AE$2:$AE$188,"Green") -> 0 | C5: Foundations | D5: =COUNTIFS('Daily Tracker'!$C$2:$C$188,C5,'Daily Tracker'!$Z$2:$Z$188,"Yes") -> 0
A6: Yellow days | B6: =COUNTIF('Daily Tracker'!$AE$2:$AE$188,"Yellow") -> 0 | C6: Data | D6: =COUNTIFS('Daily Tracker'!$C$2:$C$188,C6,'Daily Tracker'!$Z$2:$Z$188,"Yes") -> 0
A7: Grey days | B7: =COUNTIF('Daily Tracker'!$AE$2:$AE$188,"Grey") -> 0 | C7: Machine Learning | D7: =COUNTIFS('Daily Tracker'!$C$2:$C$188,C7,'Daily Tracker'!$Z$2:$Z$188,"Yes") -> 0
A8: Alerts (Grey ≥2) | B8: =COUNTIF('Daily Tracker'!$AH$2:$AH$188,"ALERT") -> 0 | C8: Deep Learning | D8: =COUNTIFS('Daily Tracker'!$C$2:$C$188,C8,'Daily Tracker'!$Z$2:$Z$188,"Yes") -> 0
A9: Avg habit completion | B9: =IF(B4=0,"",AVERAGEIF('Daily Tracker'!$Z$2:$Z$188,"Yes",'Daily Tracker'!$AB$2:$AB$188)) | C9: Projects | D9: =COUNTIFS('Daily Tracker'!$C$2:$C$188,C9,'Daily Tracker'!$Z$2:$Z$188,"Yes") -> 0
A10: Avg stability score | B10: =IF(B4=0,"",AVERAGEIF('Daily Tracker'!$Z$2:$Z$188,"Yes",'Daily Tracker'!$AI$2:$AI$188)) | C10: Engineering & MLOps | D10: =COUNTIFS('Daily Tracker'!$C$2:$C$188,C10,'Daily Tracker'!$Z$2:$Z$188,"Yes") -> 0
A11: Max stable streak | B11: =MAX('Daily Tracker'!$AF$2:$AF$188) -> 0 | C11: Review & Consolidation | D11: =COUNTIFS('Daily Tracker'!$C$2:$C$188,C11,'Daily Tracker'!$Z$2:$Z$188,"Yes") -> 0
C13: Top module | D13: —

Sheet Lists
A1: YesNoMark | B1: ✅ | C1: ❌
A3: YesNoText | B3: Yes | C3: No
A5: EnergyList | C5: 1 | D5: 2 | E5: 3 | F5: 4 | G5: 5
A7: ModuleList | B7: Foundations | C7: Data | D7: Machine Learning | E7: Deep Learning | F7: Projects | G7: Engineering & MLOps | H7: Review & Consolidation
A9: ContributionList | B9: Learn | C9: Implement | D9: Experiment | E9: Debug | F9: Refactor | G9: Review | H9: Rest

Sheet Settings
A1: Bootcamp start | B1: 46062
A2: Bootcamp end | B2: 46248
A4: Green threshold (habits completed) | B4: 9
A5: Yellow threshold (habits completed) | B5: 4
A7: Habit count | B7: 12
A9: Score weights
A10: Habits weight (0-100) | B10: 80
A11: System stronger bonus | B11: 20
A12: Energy multiplier (per point) | B12: 2
